ID,first_name,last_name,company_name,address,city,county,state,phone1,phone2,email
70116,James,Butt,"Benton, John B Jr",6649 N Blue Gum St,New Orleans,Orleans,LA,504-621-8927,504-845-1427,jbutt@gmail.com
48116,Josephine,Darakjy,"Chanay, Jeffrey A Esq",4 B Blue Ridge Blvd,Brighton,Livingston,MI,810-292-9388,810-374-9840,josephine_darakjy@darakjy.org
8014,Art,Venere,"Chemel, James L Cpa",8 W Cerritos Ave #54,Bridgeport,Gloucester,NJ,856-636-8749,856-264-4130,art@venere.org
99501,Lenna,Paprocki,Feltz Printing Service,639 Main St,Anchorage,Anchorage,AK,907-385-4412,907-921-2010,lpaprocki@hotmail.com
45011,Donette,Foller,Printing Dimensions,34 Center St,Hamilton,Butler,OH,513-570-1893,513-549-4561,donette.foller@cox.net
44805,Simona,Morasca,"Chapman, Ross E Esq",3 Mcauley Dr,Ashland,Ashland,OH,419-503-2484,419-800-6759,simona@morasca.com
60632,Mitsue,Tollner,Morlong Associates,7 Eads St,Chicago,Cook,IL,773-573-6914,773-924-8565,mitsue_tollner@yahoo.com
95111,Leota,Dilliard,Commercial Press,7 W Jackson Blvd,San Jose,Santa Clara,CA,408-752-3500,408-813-1105,leota@hotmail.com
57105,Sage,Wieser,Truhlar And Truhlar Attys,5 Boston Ave #88,Sioux Falls,Minnehaha,SD,605-414-2147,605-794-4895,sage_wieser@cox.net
21224,Kris,Marrier,"King, Christopher A Esq",228 Runamuck Pl #2808,Baltimore,Baltimore City,MD,410-655-8723,410-804-4694,kris@gmail.com
19443,Minna,Amigon,"Dorl, James J Esq",2371 Jerrold Ave,Kulpsville,Montgomery,PA,215-874-1229,215-422-8694,minna_amigon@yahoo.com
11953,Abel,Maclead,Rangoni Of Florence,37275 St  Rt 17m M,Middle Island,Suffolk,NY,631-335-3414,631-677-3675,amaclead@gmail.com
90034,Kiley,Caldarera,Feiner Bros,25 E 75th St #69,Los Angeles,Los Angeles,CA,310-498-5651,310-254-3084,kiley.caldarera@aol.com
44023,Graciela,Ruta,Buckley Miller & Wright,98 Connecticut Ave Nw,Chagrin Falls,Geauga,OH,440-780-8425,440-579-7763,gruta@cox.net
78045,Cammy,Albares,"Rousseaux, Michael Esq",56 E Morehead St,Laredo,Webb,TX,956-537-6195,956-841-7216,calbares@gmail.com
85013,Mattie,Poquette,Century Communications,73 State Road 434 E,Phoenix,Maricopa,AZ,602-277-4385,602-953-6360,mattie@aol.com
37110,Meaghan,Garufi,"Bolton, Wilbur Esq",69734 E Carrillo St,Mc Minnville,Warren,TN,931-313-9635,931-235-7959,meaghan@hotmail.com
53207,Gladys,Rim,T M Byxbee Company Pc,322 New Horizon Blvd,Milwaukee,Milwaukee,WI,414-661-9598,414-377-2880,gladys.rim@rim.org
48180,Yuki,Whobrey,Farmers Insurance Group,1 State Route 27,Taylor,Wayne,MI,313-288-7937,313-341-4470,yuki_whobrey@aol.com
61109,Fletcher,Flosi,Post Box Services Plus,394 Manchester Blvd,Rockford,Winnebago,IL,815-828-2147,815-426-5657,fletcher.flosi@yahoo.com
19014,Bette,Nicka,Sport En Art,6 S 33rd St,Aston,Delaware,PA,610-545-3615,610-492-4643,bette_nicka@cox.net
95111,Veronika,Inouye,C 4 Network Inc,6 Greenleaf Ave,San Jose,Santa Clara,CA,408-540-1785,408-813-4592,vinouye@aol.com
75062,Willard,Kolmetz,"Ingalls, Donald R Esq",618 W Yakima Ave,Irving,Dallas,TX,972-303-9197,972-896-4882,willard@hotmail.com
12204,Maryann,Royster,"Franklin, Peter L Esq",74 S Westgate St,Albany,Albany,NY,518-966-7987,518-448-8982,mroyster@royster.com
8846,Alisha,Slusarski,Wtlz Power 107 Fm,3273 State St,Middlesex,Middlesex,NJ,732-658-3154,732-635-3453,alisha@slusarski.com
54481,Allene,Iturbide,"Ledecky, David Esq",1 Central Ave,Stevens Point,Portage,WI,715-662-6764,715-530-9863,allene_iturbide@cox.net
66218,Chanel,Caudy,Professional Image Inc,86 Nw 66th St #8673,Shawnee,Johnson,KS,913-388-2079,913-899-1103,chanel.caudy@caudy.org
21601,Ezekiel,Chui,"Sider, Donald C Esq",2 Cedar Ave #84,Easton,Talbot,MD,410-669-1642,410-235-8738,ezekiel@chui.com
10011,Willow,Kusko,U Pull It,90991 Thorburn Ave,New York,New York,NY,212-582-4976,212-934-5167,wkusko@yahoo.com
77301,Bernardo,Figeroa,"Clark, Richard Cpa",386 9th Ave N,Conroe,Montgomery,TX,936-336-3951,936-597-3614,bfigeroa@aol.com
43215,Ammie,Corrio,"Moskowitz, Barry S",74874 Atlantic Ave,Columbus,Franklin,OH,614-801-9788,614-648-3265,ammie@corrio.com
88011,Francine,Vocelka,Cascade Realty Advisors Inc,366 South Dr,Las Cruces,Dona Ana,NM,505-977-3911,505-335-5293,francine_vocelka@vocelka.com
7660,Ernie,Stenseth,Knwz Newsradio,45 E Liberty St,Ridgefield Park,Bergen,NJ,201-709-6245,201-387-9093,ernie_stenseth@aol.com
8812,Albina,Glick,"Giampetro, Anthony D",4 Ralph Ct,Dunellen,Middlesex,NJ,732-924-7882,732-782-6701,albina@glick.com
10025,Alishia,Sergi,Milford Enterprises Inc,2742 Distribution Way,New York,New York,NY,212-860-1579,212-753-2740,asergi@gmail.com
70002,Solange,Shinko,"Mosocco, Ronald A",426 Wolf St,Metairie,Jefferson,LA,504-979-9175,504-265-8174,solange@shinko.com
10011,Jose,Stockham,Tri State Refueler Co,128 Bransten Rd,New York,New York,NY,212-675-8570,212-569-4233,jose@yahoo.com
93012,Rozella,Ostrosky,Parkway Company,17 Morena Blvd,Camarillo,Ventura,CA,805-832-6163,805-609-1531,rozella.ostrosky@ostrosky.com
78204,Valentine,Gillian,Fbs Business Finance,775 W 17th St,San Antonio,Bexar,TX,210-812-9597,210-300-6244,valentine_gillian@gmail.com
67410,Kati,Rulapaugh,Eder Assocs Consltng Engrs Pc,6980 Dorsett Rd,Abilene,Dickinson,KS,785-463-7829,785-219-7724,kati.rulapaugh@hotmail.com
97754,Youlanda,Schemmer,Tri M Tool Inc,2881 Lewis Rd,Prineville,Crook,OR,541-548-8197,541-993-2611,youlanda@aol.com
66204,Dyan,Oldroyd,International Eyelets Inc,7219 Woodfield Rd,Overland Park,Johnson,KS,913-413-4604,913-645-8918,doldroyd@aol.com
99708,Roxane,Campain,Rapid Trading Intl,1048 Main St,Fairbanks,Fairbanks North Star,AK,907-231-4722,907-335-6568,roxane@hotmail.com
33196,Lavera,Perin,Abc Enterprises Inc,678 3rd Ave,Miami,Miami-Dade,FL,305-606-7291,305-995-2078,lperin@perin.org
99712,Erick,Ferencz,Cindy Turner Associates,20 S Babcock St,Fairbanks,Fairbanks North Star,AK,907-741-1044,907-227-6777,erick.ferencz@aol.com
55343,Fatima,Saylors,"Stanton, James D Esq",2 Lighthouse Ave,Hopkins,Hennepin,MN,952-768-2416,952-479-2375,fsaylors@saylors.org
2128,Jina,Briddick,Grace Pastries Inc,38938 Park Blvd,Boston,Suffolk,MA,617-399-5124,617-997-5771,jina_briddick@briddick.com
90006,Kanisha,Waycott,"Schroer, Gene E Esq",5 Tomahawk Dr,Los Angeles,Los Angeles,CA,323-453-2780,323-315-7314,kanisha_waycott@yahoo.com
53711,Emerson,Bowley,Knights Inn,762 S Main St,Madison,Dane,WI,608-336-7444,608-658-7940,emerson.bowley@bowley.org
19132,Blair,Malet,Bollinger Mach Shp & Shipyard,209 Decker Dr,Philadelphia,Philadelphia,PA,215-907-9111,215-794-4519,bmalet@yahoo.com
10003,Brock,Bolognia,Orinda News,4486 W O St #1,New York,New York,NY,212-402-9216,212-617-5063,bbolognia@yahoo.com
37388,Lorrie,Nestle,Ballard Spahr Andrews,39 S 7th St,Tullahoma,Coffee,TN,931-875-6644,931-303-6041,lnestle@hotmail.com
29201,Sabra,Uyetake,Lowy Limousine Service,98839 Hawthorne Blvd #6101,Columbia,Richland,SC,803-925-5213,803-681-3678,sabra@uyetake.org
19087,Marjory,Mastella,Vicon Corporation,71 San Mateo Ave,Wayne,Delaware,PA,610-814-5533,610-379-7125,mmastella@mastella.com
8822,Karl,Klonowski,"Rossi, Michael M",76 Brooks St #9,Flemington,Hunterdon,NJ,908-877-6135,908-470-4661,karl_klonowski@yahoo.com
11590,Tonette,Wenner,Northwest Publishing,4545 Courthouse Rd,Westbury,Nassau,NY,516-968-6051,516-333-4861,twenner@aol.com
19046,Amber,Monarrez,Branford Wire & Mfg Co,14288 Foster Ave #4121,Jenkintown,Montgomery,PA,215-934-8655,215-329-6386,amber_monarrez@monarrez.org
91405,Shenika,Seewald,East Coast Marketing,4 Otis St,Van Nuys,Los Angeles,CA,818-423-4007,818-749-8650,shenika@gmail.com
2909,Delmy,Ahle,Wye Technologies Inc,65895 S 16th St,Providence,Providence,RI,401-458-2547,401-559-8961,delmy.ahle@hotmail.com
19006,Deeanna,Juhas,"Healy, George W Iv",14302 Pennsylvania Ave,Huntingdon Valley,Montgomery,PA,215-211-9589,215-417-9563,deeanna_juhas@gmail.com
2904,Blondell,Pugh,Alpenlite Inc,201 Hawk Ct,Providence,Providence,RI,401-960-8259,401-300-8122,bpugh@aol.com
8831,Jamal,Vanausdal,"Hubbard, Bruce Esq",53075 Sw 152nd Ter #615,Monroe Township,Middlesex,NJ,732-234-1546,732-904-2931,jamal@vanausdal.org
78731,Cecily,Hollack,Arthur A Oliver & Son Inc,59 N Groesbeck Hwy,Austin,Travis,TX,512-486-3817,512-861-3814,cecily@hollack.org
80126,Carmelina,Lindall,George Jessop Carter Jewelers,2664 Lewis Rd,Littleton,Douglas,CO,303-724-7371,303-874-5160,carmelina_lindall@lindall.com
53214,Maurine,Yglesias,"Schultz, Thomas C Md",59 Shady Ln #53,Milwaukee,Milwaukee,WI,414-748-1374,414-573-7719,maurine_yglesias@yglesias.com
10009,Tawna,Buvens,H H H Enterprises Inc,3305 Nabell Ave #679,New York,New York,NY,212-674-9610,212-462-9157,tawna@gmail.com
99515,Penney,Weight,Hawaiian King Hotel,18 Fountain St,Anchorage,Anchorage,AK,907-797-9628,907-873-2882,penney_weight@aol.com
16502,Elly,Morocco,Killion Industries,7 W 32nd St,Erie,Erie,PA,814-393-5571,814-420-3553,elly_morocco@gmail.com
21061,Ilene,Eroman,"Robinson, William J Esq",2853 S Central Expy,Glen Burnie,Anne Arundel,MD,410-914-9018,410-937-4543,ilene.eroman@hotmail.com
83707,Vallie,Mondella,Private Properties,74 W College St,Boise,Ada,ID,208-862-5339,208-737-8439,vmondella@mondella.com
94104,Kallie,Blackwood,Rowley Schlimgen Inc,701 S Harrison Rd,San Francisco,San Francisco,CA,415-315-2761,415-604-7609,kallie.blackwood@gmail.com
27514,Johnetta,Abdallah,Forging Specialties,1088 Pinehurst St,Chapel Hill,Orange,NC,919-225-9345,919-715-3791,johnetta_abdallah@aol.com
94070,Bobbye,Rhym,"Smits, Patricia Garity",30 W 80th St #1995,San Carlos,San Mateo,CA,650-528-5783,650-811-9032,brhym@rhym.com
94520,Micaela,Rhymes,H Lee Leonard Attorney At Law,20932 Hedley St,Concord,Contra Costa,CA,925-647-3298,925-522-7798,micaela_rhymes@gmail.com
43140,Tamar,Hoogland,A K Construction Co,2737 Pistorio Rd #9230,London,Madison,OH,740-343-8575,740-526-5410,tamar@hotmail.com
14895,Moon,Parlato,"Ambelang, Jessica M Md",74989 Brandon St,Wellsville,Allegany,NY,585-866-8313,585-498-4278,moon@yahoo.com
21215,Laurel,Reitler,Q A Service,6 Kains Ave,Baltimore,Baltimore City,MD,410-520-4832,410-957-6903,laurel_reitler@reitler.com
7105,Delisa,Crupi,Wood & Whitacre Contractors,47565 W Grand Ave,Newark,Essex,NJ,973-354-2040,973-847-9611,delisa.crupi@crupi.com
60647,Viva,Toelkes,Mark Iv Press Ltd,4284 Dorigo Ln,Chicago,Cook,IL,773-446-5569,773-352-3437,viva.toelkes@gmail.com
7104,Elza,Lipke,Museum Of Science & Industry,6794 Lake Dr E,Newark,Essex,NJ,973-927-3447,973-796-3667,elza@yahoo.com
88101,Devorah,Chickering,Garrison Ind,31 Douglas Blvd #950,Clovis,Curry,NM,505-975-8559,505-950-1763,devorah@hotmail.com
10309,Timothy,Mulqueen,Saronix Nymph Products,44 W 4th St,Staten Island,Richmond,NY,718-332-6527,718-654-7063,timothy_mulqueen@mulqueen.org
32254,Arlette,Honeywell,Smc Inc,11279 Loytan St,Jacksonville,Duval,FL,904-775-4480,904-514-9918,ahoneywell@honeywell.com
94545,Dominque,Dickerson,E A I Electronic Assocs Inc,69 Marquette Ave,Hayward,Alameda,CA,510-993-3758,510-901-7640,dominque.dickerson@dickerson.org
44122,Lettie,Isenhower,"Conte, Christopher A Esq",70 W Main St,Beachwood,Cuyahoga,OH,216-657-7668,216-733-8494,lettie_isenhower@yahoo.com
76040,Myra,Munns,Anker Law Office,461 Prospect Pl #316,Euless,Tarrant,TX,817-914-7518,817-451-3518,mmunns@cox.net
90247,Stephaine,Barfield,Beutelschies & Company,47154 Whipple Ave Nw,Gardena,Los Angeles,CA,310-774-7643,310-968-1219,stephaine@barfield.com
60201,Lai,Gato,"Fligg, Kenneth I Jr",37 Alabama Ave,Evanston,Cook,IL,847-728-7286,847-957-4614,lai.gato@gato.org
44302,Stephen,Emigh,"Sharp, J Daniel Esq",3777 E Richmond St #900,Akron,Summit,OH,330-537-5358,330-700-2312,stephen_emigh@hotmail.com
19106,Tyra,Shields,"Assink, Anne H Esq",3 Fort Worth Ave,Philadelphia,Philadelphia,PA,215-255-1641,215-228-8264,tshields@gmail.com
94010,Tammara,Wardrip,Jewel My Shop Inc,4800 Black Horse Pike,Burlingame,San Mateo,CA,650-803-1936,650-216-5075,twardrip@cox.net
91776,Cory,Gibes,Chinese Translation Resources,83649 W Belmont Ave,San Gabriel,Los Angeles,CA,626-572-1096,626-696-2777,cory.gibes@gmail.com
76708,Danica,Bruschke,"Stevens, Charles T",840 15th Ave,Waco,McLennan,TX,254-782-8569,254-205-1422,danica_bruschke@gmail.com
99501,Wilda,Giguere,"Mclaughlin, Luther W Cpa",1747 Calle Amanecer #2,Anchorage,Anchorage,AK,907-870-5536,907-914-9482,wilda@cox.net
95110,Elvera,Benimadho,Tree Musketeers,99385 Charity St #840,San Jose,Santa Clara,CA,408-703-8505,408-440-8447,elvera.benimadho@cox.net
94577,Carma,Vanheusen,Springfield Div Oh Edison Co,68556 Central Hwy,San Leandro,Alameda,CA,510-503-7169,510-452-4835,carma@cox.net
46202,Malinda,Hochard,Logan Memorial Hospital,55 Riverside Ave,Indianapolis,Marion,IN,317-722-5066,317-472-2412,malinda.hochard@yahoo.com
82901,Natalie,Fern,"Kelly, Charles G Esq",7140 University Ave,Rock Springs,Sweetwater,WY,307-704-8713,307-279-3793,natalie.fern@hotmail.com
22102,Lisha,Centini,Industrial Paper Shredders Inc,64 5th Ave #1153,Mc Lean,Fairfax,VA,703-235-3937,703-475-7568,lisha@centini.org
70112,Arlene,Klusman,Beck Horizon Builders,3 Secor Rd,New Orleans,Orleans,LA,504-710-5840,504-946-1807,arlene_klusman@gmail.com
80303,Alease,Buemi,Porto Cayo At Hawks Cay,4 Webbs Chapel Rd,Boulder,Boulder,CO,303-301-4946,303-521-9860,alease@buemi.com
94577,Louisa,Cronauer,Pacific Grove Museum Ntrl Hist,524 Louisiana Ave Nw,San Leandro,Alameda,CA,510-828-7047,510-472-7758,louisa@cronauer.com
96817,Angella,Cetta,Bender & Hatley Pc,185 Blackstone Bldge,Honolulu,Honolulu,HI,808-892-7943,808-475-2310,angella.cetta@hotmail.com
55337,Cyndy,Goldammer,Di Cristina J & Son,170 Wyoming Ave,Burnsville,Dakota,MN,952-334-9408,952-938-9457,cgoldammer@cox.net
27263,Rosio,Cork,Green Goddess,4 10th St W,High Point,Guilford,NC,336-243-5659,336-497-4407,rosio.cork@gmail.com
11563,Celeste,Korando,American Arts & Graphics,7 W Pinhook Rd,Lynbrook,Nassau,NY,516-509-2347,516-365-7266,ckorando@hotmail.com
97224,Twana,Felger,Opryland Hotel,1 Commerce Way,Portland,Washington,OR,503-939-3153,503-909-7167,twana.felger@felger.org
53511,Estrella,Samu,Marking Devices Pubg Co,64 Lakeview Ave,Beloit,Rock,WI,608-976-7199,608-942-8836,estrella@aol.com
1602,Donte,Kines,W Tc Industries Inc,3 Aspen St,Worcester,Worcester,MA,508-429-8576,508-843-1426,dkines@hotmail.com
33133,Tiffiny,Steffensmeier,Whitehall Robbins Labs Divsn,32860 Sierra Rd,Miami,Miami-Dade,FL,305-385-9695,305-304-6573,tiffiny_steffensmeier@cox.net
16502,Edna,Miceli,Sampler,555 Main St,Erie,Erie,PA,814-460-2655,814-299-2877,emiceli@miceli.org
75149,Sue,Kownacki,Juno Chefs Incorporated,2 Se 3rd Ave,Mesquite,Dallas,TX,972-666-3413,972-742-4000,sue@aol.com
37388,Jesusa,Shin,"Carroccio, A Thomas Esq",2239 Shawnee Mission Pky,Tullahoma,Coffee,TN,931-273-8709,931-739-1551,jshin@shin.com
7501,Rolland,Francescon,"Stanley, Richard L Esq",2726 Charcot Ave,Paterson,Passaic,NJ,973-649-2922,973-284-4048,rolland@cox.net
33030,Pamella,Schmierer,K Cs Cstm Mouldings Windows,5161 Dorsett Rd,Homestead,Miami-Dade,FL,305-420-8970,305-575-8481,pamella.schmierer@schmierer.org
21117,Glory,Kulzer,Comfort Inn,55892 Jacksonville Rd,Owings Mills,Baltimore,MD,410-224-9462,410-916-8015,gkulzer@kulzer.org
91362,Shawna,Palaspas,"Windsor, James L Esq",5 N Cleveland Massillon Rd,Thousand Oaks,Ventura,CA,805-275-3566,805-638-6617,shawna_palaspas@palaspas.org
96819,Brandon,Callaro,Jackson Shields Yeiser,7 Benton Dr,Honolulu,Honolulu,HI,808-215-6832,808-240-5168,brandon_callaro@hotmail.com
31701,Scarlet,Cartan,"Box, J Calvin Esq",9390 S Howell Ave,Albany,Dougherty,GA,229-735-3378,229-365-9658,scarlet.cartan@yahoo.com
2210,Oretha,Menter,Custom Engineering Inc,8 County Center Dr #647,Boston,Suffolk,MA,617-418-5043,617-697-6024,oretha_menter@yahoo.com
7601,Ty,Smith,Bresler Eitel Framg Gllry Ltd,4646 Kaahumanu St,Hackensack,Bergen,NJ,201-672-1553,201-995-3149,tsmith@aol.com
94403,Xuan,Rochin,"Carol, Drake Sparks Esq",2 Monroe St,San Mateo,San Mateo,CA,650-933-5072,650-247-2625,xuan@gmail.com
91761,Lindsey,Dilello,Biltmore Investors Bank,52777 Leaders Heights Rd,Ontario,San Bernardino,CA,909-639-9887,909-589-1693,lindsey.dilello@hotmail.com
94606,Devora,Perez,Desco Equipment Corp,72868 Blackington Ave,Oakland,Alameda,CA,510-955-3016,510-755-9274,devora_perez@perez.org
12180,Herman,Demesa,Merlin Electric Co,9 Norristown Rd,Troy,Rensselaer,NY,518-497-2940,518-931-7852,hdemesa@cox.net
18411,Rory,Papasergi,Bailey Cntl Co Div Babcock,83 County Road 437 #8581,Clarks Summit,Lackawanna,PA,570-867-7489,570-469-8401,rpapasergi@cox.net
7050,Talia,Riopelle,Ford Brothers Wholesale Inc,1 N Harlem Ave #9,Orange,Essex,NJ,973-245-2133,973-818-9788,talia_riopelle@aol.com
8867,Van,Shire,Cambridge Inn,90131 J St,Pittstown,Hunterdon,NJ,908-409-2890,908-448-1209,van.shire@shire.com
32922,Lucina,Lary,"Matricciani, Albert J Jr",8597 W National Ave,Cocoa,Brevard,FL,321-749-4981,321-632-4668,lucina_lary@cox.net
10468,Bok,Isaacs,Nelson Hawaiian Ltd,6 Gilson St,Bronx,Bronx,NY,718-809-3762,718-478-8568,bok.isaacs@aol.com
96782,Rolande,Spickerman,Neland Travel Agency,65 W Maple Ave,Pearl City,Honolulu,HI,808-315-3077,808-526-5863,rolande.spickerman@spickerman.com
80231,Howard,Paulas,"Asendorf, J Alan Esq",866 34th Ave,Denver,Denver,CO,303-623-4241,303-692-3118,hpaulas@gmail.com
7866,Kimbery,Madarang,"Silberman, Arthur L Esq",798 Lund Farm Way,Rockaway,Morris,NJ,973-310-1634,973-225-6259,kimbery_madarang@cox.net
8201,Thurman,Manno,Honey Bee Breeding Genetics &,9387 Charcot Ave,Absecon,Atlantic,NJ,609-524-3586,609-234-8376,thurman.manno@yahoo.com
7062,Becky,Mirafuentes,Wells Kravitz Schnitzer,30553 Washington Rd,Plainfield,Union,NJ,908-877-8409,908-426-8272,becky.mirafuentes@mirafuentes.com
2346,Beatriz,Corrington,Prohab Rehabilitation Servs,481 W Lemon St,Middleboro,Plymouth,MA,508-584-4279,508-315-3867,beatriz@yahoo.com
60638,Marti,Maybury,"Eldridge, Kristin K Esq",4 Warehouse Point Rd #7,Chicago,Cook,IL,773-775-4522,773-539-1058,marti.maybury@yahoo.com
97202,Nieves,Gotter,"Vlahos, John J Esq",4940 Pulaski Park Dr,Portland,Multnomah,OR,503-527-5274,503-455-3094,nieves_gotter@gmail.com
75227,Leatha,Hagele,Ninas Indian Grs & Videos,627 Walford Ave,Dallas,Dallas,TX,214-339-1809,214-225-5850,lhagele@cox.net
60604,Valentin,Klimek,"Schmid, Gayanne K Esq",137 Pioneer Way,Chicago,Cook,IL,312-303-5453,312-512-2338,vklimek@klimek.org
45840,Melissa,Wiklund,Moapa Valley Federal Credit Un,61 13 Stoneridge #835,Findlay,Hancock,OH,419-939-3613,419-254-4591,melissa@cox.net
92501,Sheridan,Zane,Kentucky Tennessee Clay Co,2409 Alabama Rd,Riverside,Riverside,CA,951-645-3605,951-248-6822,sheridan.zane@zane.com
76707,Bulah,Padilla,Admiral Party Rentals & Sales,8927 Vandever Ave,Waco,McLennan,TX,254-463-4368,254-816-8417,bulah_padilla@hotmail.com
37211,Audra,Kohnert,"Nelson, Karolyn King Esq",134 Lewis Rd,Nashville,Davidson,TN,615-406-7854,615-448-9249,audra@kohnert.com
53216,Daren,Weirather,Panasystems,9 N College Ave #3,Milwaukee,Milwaukee,WI,414-959-2540,414-838-3151,dweirather@aol.com
21655,Fernanda,Jillson,"Shank, Edward L Esq",60480 Old Us Highway 51,Preston,Caroline,MD,410-387-5260,410-724-6472,fjillson@aol.com
75061,Gearldine,Gellinger,Megibow & Edwards,4 Bloomfield Ave,Irving,Dallas,TX,972-934-6914,972-821-7118,gearldine_gellinger@gellinger.com
90212,Chau,Kitzman,"Benoff, Edward Esq",429 Tiger Ln,Beverly Hills,Los Angeles,CA,310-560-8022,310-969-7230,chau@gmail.com
11758,Theola,Frey,Woodbridge Free Public Library,54169 N Main St,Massapequa,Nassau,NY,516-948-5768,516-357-3362,theola_frey@frey.com
8401,Cheryl,Haroldson,New York Life John Thune,92 Main St,Atlantic City,Atlantic,NJ,609-518-7697,609-263-9243,cheryl@haroldson.org
45203,Laticia,Merced,Alinabal Inc,72 Mannix Dr,Cincinnati,Hamilton,OH,513-508-7371,513-418-1566,lmerced@gmail.com
97401,Carissa,Batman,"Poletto, Kim David Esq",12270 Caton Center Dr,Eugene,Lane,OR,541-326-4074,541-801-5717,carissa.batman@yahoo.com
27577,Lezlie,Craghead,"Chang, Carolyn Esq",749 W 18th St #45,Smithfield,Johnston,NC,919-533-3762,919-885-2453,lezlie.craghead@craghead.org
10002,Ozell,Shealy,Silver Bros Inc,8 Industry Ln,New York,New York,NY,212-332-8435,212-880-8865,oshealy@hotmail.com
85017,Arminda,Parvis,Newtec Inc,1 Huntwood Ave,Phoenix,Maricopa,AZ,602-906-9419,602-277-3025,arminda@parvis.com
46240,Reita,Leto,Creative Business Systems,55262 N French Rd,Indianapolis,Marion,IN,317-234-1135,317-787-5514,reita.leto@gmail.com
13214,Yolando,Luczki,Dal Tile Corporation,422 E 21st St,Syracuse,Onondaga,NY,315-304-4759,315-640-6357,yolando@cox.net
8002,Lizette,Stem,Edward S Katz,501 N 19th Ave,Cherry Hill,Camden,NJ,856-487-5412,856-702-3676,lizette.stem@aol.com
11530,Gregoria,Pawlowicz,Oh My Goodknits Inc,455 N Main Ave,Garden City,Nassau,NY,516-212-1915,516-376-4230,gpawlowicz@yahoo.com
72202,Carin,Deleo,"Redeker, Debbie",1844 Southern Blvd,Little Rock,Pulaski,AR,501-308-1040,501-409-6072,cdeleo@deleo.com
55101,Chantell,Maynerich,Desert Sands Motel,2023 Greg St,Saint Paul,Ramsey,MN,651-591-2583,651-776-9688,chantell@yahoo.com
19134,Dierdre,Yum,Cummins Southern Plains Inc,63381 Jenks Ave,Philadelphia,Philadelphia,PA,215-325-3042,215-346-4666,dyum@yahoo.com
70360,Larae,Gudroe,Lehigh Furn Divsn Lehigh,6651 Municipal Rd,Houma,Terrebonne,LA,985-890-7262,985-261-5783,larae_gudroe@gmail.com
11779,Latrice,Tolfree,United Van Lines Agent,81 Norris Ave #525,Ronkonkoma,Suffolk,NY,631-957-7624,631-998-2102,latrice.tolfree@hotmail.com
95827,Kerry,Theodorov,Capitol Reporters,6916 W Main St,Sacramento,Sacramento,CA,916-591-3277,916-770-7448,kerry.theodorov@gmail.com
83704,Dorthy,Hidvegi,Kwik Kopy Printing,9635 S Main St,Boise,Ada,ID,208-649-2373,208-690-3315,dhidvegi@yahoo.com
78664,Fannie,Lungren,Centro Inc,17 Us Highway 111,Round Rock,Williamson,TX,512-587-5746,512-528-9933,fannie.lungren@yahoo.com
19123,Evangelina,Radde,"Campbell, Jan Esq",992 Civic Center Dr,Philadelphia,Philadelphia,PA,215-964-3284,215-417-5612,evangelina@aol.com
96720,Novella,Degroot,"Evans, C Kelly Esq",303 N Radcliffe St,Hilo,Hawaii,HI,808-477-4775,808-746-1865,novella_degroot@degroot.org
89502,Clay,Hoa,Scat Enterprises,73 Saint Ann St #86,Reno,Washoe,NV,775-501-8109,775-848-9135,choa@hoa.org
60090,Jennifer,Fallick,"Nagle, Daniel J Esq",44 58th St,Wheeling,Cook,IL,847-979-9545,847-800-3054,jfallick@yahoo.com
7869,Irma,Wolfgramm,Serendiquity Bed & Breakfast,9745 W Main St,Randolph,Morris,NJ,973-545-7355,973-868-8660,irma.wolfgramm@hotmail.com
29301,Eun,Coody,Ray Carolyne Realty,84 Bloomfield Ave,Spartanburg,Spartanburg,SC,864-256-3620,864-594-4578,eun@yahoo.com
21074,Sylvia,Cousey,"Berg, Charles E",287 Youngstown Warren Rd,Hampstead,Carroll,MD,410-209-9545,410-863-8263,sylvia_cousey@cousey.org
10553,Nana,Wrinkles,"Ray, Milbern D",6 Van Buren St,Mount Vernon,Westchester,NY,914-855-2115,914-796-3775,nana@aol.com
10011,Layla,Springe,Chadds Ford Winery,229 N Forty Driv,New York,New York,NY,212-260-3151,212-253-7448,layla.springe@cox.net
94710,Joesph,Degonia,A R Packaging,2887 Knowlton St #5435,Berkeley,Alameda,CA,510-677-9785,510-942-5916,joesph_degonia@degonia.org
1742,Annabelle,Boord,Corn Popper,523 Marquette Ave,Concord,Middlesex,MA,978-697-6263,978-289-7717,annabelle.boord@cox.net
94104,Stephaine,Vinning,Birite Foodservice Distr,3717 Hamann Industrial Pky,San Francisco,San Francisco,CA,415-767-6596,415-712-9530,stephaine@cox.net
7652,Nelida,Sawchuk,Anchorage Museum Of Hist & Art,3 State Route 35 S,Paramus,Bergen,NJ,201-971-1638,201-247-8925,nelida@gmail.com
94561,Marguerita,Hiatt,"Haber, George D Md",82 N Highway 67,Oakley,Contra Costa,CA,925-634-7158,925-541-8521,marguerita.hiatt@gmail.com
60623,Carmela,Cookey,Royal Pontiac Olds Inc,9 Murfreesboro Rd,Chicago,Cook,IL,773-494-4195,773-297-9391,ccookey@cookey.org
7009,Junita,Brideau,Leonards Antiques Inc,6 S Broadway St,Cedar Grove,Essex,NJ,973-943-3423,973-582-5469,jbrideau@aol.com
43551,Claribel,Varriano,Meca,6 Harry L Dr #6327,Perrysburg,Wood,OH,419-544-4900,419-573-2033,claribel_varriano@cox.net
90248,Benton,Skursky,Nercon Engineering & Mfg Inc,47939 Porter Ave,Gardena,Los Angeles,CA,310-579-2907,310-694-8466,benton.skursky@aol.com
34448,Hillary,Skulski,Replica I,9 Wales Rd Ne #914,Homosassa,Citrus,FL,352-242-2570,352-990-5946,hillary.skulski@aol.com
95054,Merilyn,Bayless,20 20 Printing Inc,195 13n N,Santa Clara,Santa Clara,CA,408-758-5015,408-346-2180,merilyn_bayless@cox.net
18201,Teri,Ennaco,Publishers Group West,99 Tank Farm Rd,Hazleton,Luzerne,PA,570-889-5187,570-355-1665,tennaco@gmail.com
7304,Merlyn,Lawler,"Nischwitz, Jeffrey L Esq",4671 Alemany Blvd,Jersey City,Hudson,NJ,201-588-7810,201-858-9960,merlyn_lawler@hotmail.com
94583,Georgene,Montezuma,Payne Blades & Wellborn Pa,98 University Dr,San Ramon,Contra Costa,CA,925-615-5185,925-943-3449,gmontezuma@cox.net
8807,Jettie,Mconnell,Coldwell Bnkr Wright Real Est,50 E Wacker Dr,Bridgewater,Somerset,NJ,908-802-3564,908-602-5258,jmconnell@hotmail.com
11716,Lemuel,Latzke,Computer Repair Service,70 Euclid Ave #722,Bohemia,Suffolk,NY,631-748-6479,631-291-4976,lemuel.latzke@gmail.com
91362,Melodie,Knipp,Fleetwood Building Block Inc,326 E Main St #6496,Thousand Oaks,Ventura,CA,805-690-1682,805-810-8964,mknipp@gmail.com
8876,Candida,Corbley,Colts Neck Medical Assocs Inc,406 Main St,Somerville,Somerset,NJ,908-275-8357,908-943-6103,candida_corbley@hotmail.com
97005,Karan,Karpin,New England Taxidermy,3 Elmwood Dr,Beaverton,Washington,OR,503-940-8327,503-707-5812,karan_karpin@gmail.com
97302,Andra,Scheyer,"Ludcke, George O Esq",9 Church St,Salem,Marion,OR,503-516-2189,503-950-3068,andra@gmail.com
8077,Felicidad,Poullion,"Mccorkle, Tom S Esq",9939 N 14th St,Riverton,Burlington,NJ,856-305-9731,856-828-6021,fpoullion@poullion.com
30135,Belen,Strassner,Eagle Software Inc,5384 Southwyck Blvd,Douglasville,Douglas,GA,770-507-8791,770-802-4003,belen_strassner@aol.com
32216,Gracia,Melnyk,Juvenile & Adult Super,97 Airport Loop Dr,Jacksonville,Duval,FL,904-235-3633,904-627-4341,gracia@melnyk.com
4401,Jolanda,Hanafan,"Perez, Joseph J Esq",37855 Nolan Rd,Bangor,Penobscot,ME,207-458-9196,207-233-6185,jhanafan@gmail.com
76060,Barrett,Toyama,Case Foundation Co,4252 N Washington Ave #9,Kennedale,Tarrant,TX,817-765-5781,817-577-6151,barrett.toyama@toyama.org
14228,Helga,Fredicks,Eis Environmental Engrs Inc,42754 S Ash Ave,Buffalo,Erie,NY,716-752-4114,716-854-9845,helga_fredicks@yahoo.com
33054,Ashlyn,Pinilla,Art Crafters,703 Beville Rd,Opa Locka,Miami-Dade,FL,305-670-9628,305-857-5489,apinilla@cox.net
10038,Fausto,Agramonte,Marriott Hotels Resorts Suites,5 Harrison Rd,New York,New York,NY,212-313-1783,212-778-3063,fausto_agramonte@yahoo.com
19103,Ronny,Caiafa,Remaco Inc,73 Southern Blvd,Philadelphia,Philadelphia,PA,215-605-7570,215-511-3531,ronny.caiafa@caiafa.org
32536,Marge,Limmel,"Bjork, Robert D Jr",189 Village Park Rd,Crestview,Okaloosa,FL,850-430-1663,850-330-8079,marge@gmail.com
94107,Norah,Waymire,"Carmichael, Jeffery L Esq",6 Middlegate Rd #106,San Francisco,San Francisco,CA,415-306-7897,415-874-2984,norah.waymire@gmail.com
95132,Aliza,Baltimore,"Andrews, J Robert Esq",1128 Delaware St,San Jose,Santa Clara,CA,408-504-3552,408-425-1994,aliza@aol.com
94080,Mozell,Pelkowski,Winship & Byrne,577 Parade St,South San Francisco,San Mateo,CA,650-947-1215,650-960-1069,mpelkowski@pelkowski.org
91325,Viola,Bitsuie,Burton & Davis,70 Mechanic St,Northridge,Los Angeles,CA,818-864-4875,818-481-5787,viola@gmail.com
19103,Franklyn,Emard,Olympic Graphic Arts,4379 Highway 116,Philadelphia,Philadelphia,PA,215-558-8189,215-483-3003,femard@emard.com
70506,Willodean,Konopacki,Magnuson,55 Hawthorne Blvd,Lafayette,Lafayette,LA,337-253-8384,337-774-7564,willodean_konopacki@konopacki.org
48126,Beckie,Silvestrini,A All American Travel Inc,7116 Western Ave,Dearborn,Wayne,MI,313-533-4884,313-390-7855,beckie.silvestrini@silvestrini.com
78754,Rebecka,Gesick,Polykote Inc,2026 N Plankinton Ave #3,Austin,Travis,TX,512-213-8574,512-693-8345,rgesick@gesick.org
75207,Frederica,Blunk,Jets Cybernetics,99586 Main St,Dallas,Dallas,TX,214-428-2285,214-529-1949,frederica_blunk@gmail.com
98070,Glen,Bartolet,Metlab Testing Services,8739 Hudson St,Vashon,King,WA,206-697-5796,206-389-1482,glen_bartolet@hotmail.com
19320,Freeman,Gochal,"Kellermann, William T Esq",383 Gunderman Rd #197,Coatesville,Chester,PA,610-476-3501,610-752-2683,freeman_gochal@aol.com
19143,Vincent,Meinerding,"Arturi, Peter D Esq",4441 Point Term Mkt,Philadelphia,Philadelphia,PA,215-372-1718,215-829-4221,vincent.meinerding@hotmail.com
90248,Rima,Bevelacqua,Mcauley Mfg Co,2972 Lafayette Ave,Gardena,Los Angeles,CA,310-858-5079,310-499-4200,rima@cox.net
94928,Glendora,Sarbacher,Defur Voran Hanley Radcliff,2140 Diamond Blvd,Rohnert Park,Sonoma,CA,707-653-8214,707-881-3154,gsarbacher@gmail.com
32803,Avery,Steier,Dill Dill Carr & Stonbraker Pc,93 Redmond Rd #492,Orlando,Orange,FL,407-808-9439,407-945-8566,avery@cox.net
92025,Cristy,Lother,Kleensteel,3989 Portage Tr,Escondido,San Diego,CA,760-971-4322,760-465-4762,cristy@lother.com
1581,Nicolette,Brossart,Goulds Pumps Inc Slurry Pump,1 Midway Rd,Westborough,Worcester,MA,508-837-9230,508-504-6388,nicolette_brossart@brossart.com
77301,Tracey,Modzelewski,Kansas City Insurance Report,77132 Coon Rapids Blvd Nw,Conroe,Montgomery,TX,936-264-9294,936-988-8171,tracey@hotmail.com
53226,Virgina,Tegarden,Berhanu International Foods,755 Harbor Way,Milwaukee,Milwaukee,WI,414-214-8697,414-411-5744,virgina_tegarden@tegarden.com
91731,Tiera,Frankel,Roland Ashcroft,87 Sierra Rd,El Monte,Los Angeles,CA,626-636-4117,626-638-4241,tfrankel@aol.com
10701,Alaine,Bergesen,Hispanic Magazine,7667 S Hulen St #42,Yonkers,Westchester,NY,914-300-9193,914-654-1426,alaine_bergesen@cox.net
75227,Earleen,Mai,Little Sheet Metal Co,75684 S Withlapopka Dr #32,Dallas,Dallas,TX,214-289-1973,214-785-6750,earleen_mai@cox.net
39530,Leonida,Gobern,"Holmes, Armstead J Esq",5 Elmwood Park Blvd,Biloxi,Harrison,MS,228-235-5615,228-432-4635,leonida@gobern.org
33134,Ressie,Auffrey,"Faw, James C Cpa",23 Palo Alto Sq,Miami,Miami-Dade,FL,305-604-8981,305-287-4743,ressie.auffrey@yahoo.com
10048,Justine,Mugnolo,Evans Rule Company,38062 E Main St,New York,New York,NY,212-304-9225,212-311-6377,jmugnolo@yahoo.com
7446,Eladia,Saulter,Tyee Productions Inc,3958 S Dupont Hwy #7,Ramsey,Bergen,NJ,201-474-4924,201-365-8698,eladia@saulter.com
48103,Chaya,Malvin,Dunnells & Duvall,560 Civic Center Dr,Ann Arbor,Washtenaw,MI,734-928-5182,734-408-8174,chaya@malvin.com
11729,Gwenn,Suffield,Deltam Systems Inc,3270 Dequindre Rd,Deer Park,Suffolk,NY,631-258-6558,631-295-9879,gwenn_suffield@suffield.org
44707,Salena,Karpel,Hammill Mfg Co,1 Garfield Ave #7,Canton,Stark,OH,330-791-8557,330-618-2579,skarpel@cox.net
6511,Yoko,Fishburne,Sams Corner Store,9122 Carpenter Ave,New Haven,New Haven,CT,203-506-4706,203-840-8634,yoko@fishburne.com
22030,Taryn,Moyd,"Siskin, Mark J Esq",48 Lenox St,Fairfax,Fairfax City,VA,703-322-4041,703-938-7939,taryn.moyd@hotmail.com
1887,Katina,Polidori,Cape & Associates Real Estate,5 Little River Tpke,Wilmington,Middlesex,MA,978-626-2978,978-679-7429,katina_polidori@aol.com
43613,Rickie,Plumer,Merrill Lynch,3 N Groesbeck Hwy,Toledo,Lucas,OH,419-693-1334,419-313-5571,rickie.plumer@aol.com
98409,Alex,Loader,"Sublett, Scott Esq",37 N Elm St #916,Tacoma,Pierce,WA,253-660-7821,253-875-9222,alex@loader.com
95661,Lashon,Vizarro,Sentry Signs,433 Westminster Blvd #590,Roseville,Placer,CA,916-741-7884,916-289-4526,lashon@aol.com
82501,Lauran,Burnard,Professionals Unlimited,66697 Park Pl #3224,Riverton,Fremont,WY,307-342-7795,307-453-7589,lburnard@burnard.com
4864,Ceola,Setter,Southern Steel Shelving Co,96263 Greenwood Pl,Warren,Knox,ME,207-627-7565,207-297-5029,ceola.setter@setter.org
18954,My,Rantanen,"Bosco, Paul J",8 Mcarthur Ln,Richboro,Bucks,PA,215-491-5633,215-647-2158,my@hotmail.com
33614,Lorrine,Worlds,"Longo, Nicholas J Esq",8 Fair Lawn Ave,Tampa,Hillsborough,FL,813-769-2939,813-863-6467,lorrine.worlds@worlds.com
92020,Peggie,Sturiale,Henry County Middle School,9 N 14th St,El Cajon,San Diego,CA,619-608-1763,619-695-8086,peggie@cox.net
77840,Marvel,Raymo,Edison Supply & Equipment Co,9 Vanowen St,College Station,Brazos,TX,979-718-8968,979-809-5770,mraymo@yahoo.com
60035,Daron,Dinos,"Wolf, Warren R Esq",18 Waterloo Geneva Rd,Highland Park,Lake,IL,847-233-3075,847-265-6609,daron_dinos@cox.net
8401,An,Fritz,Linguistic Systems Inc,506 S Hacienda Dr,Atlantic City,Atlantic,NJ,609-228-5265,609-854-7156,an_fritz@hotmail.com
8807,Portia,Stimmel,Peace Christian Center,3732 Sherman Ave,Bridgewater,Somerset,NJ,908-722-7128,908-670-4712,portia.stimmel@aol.com
11226,Rhea,Aredondo,Double B Foods Inc,25657 Live Oak St,Brooklyn,Kings,NY,718-560-9537,718-280-4183,rhea_aredondo@cox.net
63104,Benedict,Sama,Alexander & Alexander Inc,4923 Carey Ave,Saint Louis,Saint Louis City,MO,314-787-1588,314-858-4832,bsama@cox.net
95207,Alyce,Arias,Fairbanks Scales,3196 S Rider Trl,Stockton,San Joaquin,CA,209-317-1801,209-242-7022,alyce@arias.org
7424,Heike,Berganza,Cali Sportswear Cutting Dept,3 Railway Ave #75,Little Falls,Passaic,NJ,973-936-5095,973-822-8827,heike@gmail.com
46220,Carey,Dopico,"Garofani, John Esq",87393 E Highland Rd,Indianapolis,Marion,IN,317-578-2453,317-441-5848,carey_dopico@dopico.org
98133,Dottie,Hellickson,Thompson Fabricating Co,67 E Chestnut Hill Rd,Seattle,King,WA,206-540-6076,206-295-5631,dottie@hellickson.org
27215,Deandrea,Hughey,Century 21 Krall Real Estate,33 Lewis Rd #46,Burlington,Alamance,NC,336-822-7652,336-467-3095,deandrea@yahoo.com
67601,Kimberlie,Duenas,Mid Contntl Rlty & Prop Mgmt,8100 Jacksonville Rd #7,Hays,Ellis,KS,785-629-8542,785-616-1685,kimberlie_duenas@yahoo.com
32822,Martina,Staback,Ace Signs Inc,7 W Wabansia Ave #227,Orlando,Orange,FL,407-471-6908,407-429-2145,martina_staback@staback.com
55401,Skye,Fillingim,Rodeway Inn,25 Minters Chapel Rd #9,Minneapolis,Hennepin,MN,612-508-2655,612-664-6304,skye_fillingim@yahoo.com
29201,Jade,Farrar,Bonnet & Daughter,6882 Torresdale Ave,Columbia,Richland,SC,803-352-5387,803-975-3405,jade.farrar@yahoo.com
95407,Charlene,Hamilton,Oshins & Gibbons,985 E 6th Ave,Santa Rosa,Sonoma,CA,707-300-1771,707-821-8037,charlene.hamilton@hotmail.com
60067,Geoffrey,Acey,Price Business Services,7 West Ave #1,Palatine,Cook,IL,847-222-1734,847-556-2909,geoffrey@gmail.com
92626,Stevie,Westerbeck,"Wise, Dennis W Md",26659 N 13th St,Costa Mesa,Orange,CA,949-867-4077,949-903-3898,stevie.westerbeck@yahoo.com
80212,Pamella,Fortino,Super 8 Motel,669 Packerland Dr #1438,Denver,Denver,CO,303-404-2210,303-794-1341,pamella@fortino.com
6515,Harrison,Haufler,John Wagner Associates,759 Eldora St,New Haven,New Haven,CT,203-801-6193,203-801-8497,hhaufler@hotmail.com
98021,Johnna,Engelberg,Thrifty Oil Co,5 S Colorado Blvd #449,Bothell,Snohomish,WA,425-986-7573,425-700-3751,jengelberg@engelberg.org
44136,Buddy,Cloney,Larkfield Photo,944 Gaither Dr,Strongsville,Cuyahoga,OH,440-989-5826,440-327-2093,buddy.cloney@yahoo.com
3865,Dalene,Riden,Silverman Planetarium,66552 Malone Rd,Plaistow,Rockingham,NH,603-315-6839,603-745-7497,dalene.riden@aol.com
32937,Jerry,Zurcher,J & F Lumber,77 Massillon Rd #822,Satellite Beach,Brevard,FL,321-518-5938,321-597-2159,jzurcher@zurcher.org
10016,Haydee,Denooyer,Cleaning Station Inc,25346 New Rd,New York,New York,NY,212-792-8658,212-782-3493,hdenooyer@denooyer.org
92647,Joseph,Cryer,Ames Stationers,60 Fillmore Ave,Huntington Beach,Orange,CA,714-584-2237,714-698-2170,joseph_cryer@cox.net
48075,Deonna,Kippley,Midas Muffler Shops,57 Haven Ave #90,Southfield,Oakland,MI,248-913-4677,248-793-4966,deonna_kippley@hotmail.com
46222,Raymon,Calvaresi,Seaboard Securities Inc,6538 E Pomona St #60,Indianapolis,Marion,IN,317-825-4724,317-342-1532,raymon.calvaresi@gmail.com
76301,Alecia,Bubash,"Petersen, James E Esq",6535 Joyce St,Wichita Falls,Wichita,TX,940-276-7922,940-302-3036,alecia@aol.com
6473,Ma,Layous,Development Authority,78112 Morris Ave,North Haven,New Haven,CT,203-721-3388,203-564-1543,mlayous@hotmail.com
21001,Detra,Coyier,Schott Fiber Optics Inc,96950 Hidden Ln,Aberdeen,Harford,MD,410-739-9277,410-259-2118,detra@aol.com
70130,Terrilyn,Rodeigues,Stuart J Agins,3718 S Main St,New Orleans,Orleans,LA,504-463-4384,504-635-8518,terrilyn.rodeigues@cox.net
23219,Salome,Lacovara,Mitsumi Electronics Corp,9677 Commerce Dr,Richmond,Richmond City,VA,804-550-5097,804-858-1011,slacovara@gmail.com
18966,Garry,Keetch,Italian Express Franchise Corp,5 Green Pond Rd #4,Southampton,Bucks,PA,215-979-8776,215-846-9046,garry_keetch@hotmail.com
55379,Matthew,Neither,American Council On Sci & Hlth,636 Commerce Dr #42,Shakopee,Scott,MN,952-651-7597,952-906-4597,mneither@yahoo.com
33136,Theodora,Restrepo,"Kleri, Patricia S Esq",42744 Hamann Industrial Pky #82,Miami,Miami-Dade,FL,305-936-8226,305-573-1085,theodora.restrepo@restrepo.com
53209,Noah,Kalafatis,Twiggs Abrams Blanchard,1950 5th Ave,Milwaukee,Milwaukee,WI,414-263-5287,414-660-9766,noah.kalafatis@aol.com
8873,Carmen,Sweigard,Maui Research & Technology Pk,61304 N French Rd,Somerset,Somerset,NJ,732-941-2621,732-445-6940,csweigard@sweigard.com
58102,Lavonda,Hengel,Bradley Nameplate Corp,87 Imperial Ct #79,Fargo,Cass,ND,701-898-2154,701-421-7080,lavonda@cox.net
89701,Junita,Stoltzman,Geonex Martel Inc,94 W Dodge Rd,Carson City,Carson City,NV,775-638-9963,775-578-1214,junita@aol.com
85254,Herminia,Nicolozakes,Sea Island Div Of Fstr Ind Inc,4 58th St #3519,Scottsdale,Maricopa,AZ,602-954-5141,602-304-6433,herminia@nicolozakes.org
37211,Casie,Good,"Papay, Debbie J Esq",5221 Bear Valley Rd,Nashville,Davidson,TN,615-390-2251,615-825-4297,casie.good@aol.com
21801,Reena,Maisto,Lane Promotions,9648 S Main,Salisbury,Wicomico,MD,410-351-1863,410-951-2667,reena@hotmail.com
10004,Mirta,Mallett,Stephen Kennerly Archts Inc Pc,7 S San Marcos Rd,New York,New York,NY,212-870-1286,212-745-6948,mirta_mallett@gmail.com
79109,Cathrine,Pontoriero,Business Systems Of Wis Inc,812 S Haven St,Amarillo,Randall,TX,806-703-1435,806-558-5848,cathrine.pontoriero@pontoriero.com
90016,Filiberto,Tawil,"Flash, Elena Salerno Esq",3882 W Congress St #799,Los Angeles,Los Angeles,CA,323-765-2528,323-842-8226,ftawil@hotmail.com
91942,Raul,Upthegrove,"Neeley, Gregory W Esq",4 E Colonial Dr,La Mesa,San Diego,CA,619-509-5282,619-666-4765,rupthegrove@yahoo.com
30328,Sarah,Candlish,Alabama Educational Tv Comm,45 2nd Ave #9759,Atlanta,Fulton,GA,770-732-1194,770-531-2842,sarah.candlish@gmail.com
1602,Lucy,Treston,Franz Inc,57254 Brickell Ave #372,Worcester,Worcester,MA,508-769-5250,508-502-5634,lucy@cox.net
49120,Judy,Aquas,Plantation Restaurant,8977 Connecticut Ave Nw #3,Niles,Berrien,MI,269-756-7222,269-431-9464,jaquas@aquas.com
7004,Yvonne,Tjepkema,Radio Communications Co,9 Waydell St,Fairfield,Essex,NJ,973-714-1721,973-976-8627,yvonne.tjepkema@hotmail.com
70508,Kayleigh,Lace,Dentalaw Divsn Hlth Care,43 Huey P Long Ave,Lafayette,Lafayette,LA,337-740-9323,337-751-2326,kayleigh.lace@yahoo.com
17517,Felix,Hirpara,American Speedy Printing Ctrs,7563 Cornwall Rd #4462,Denver,Lancaster,PA,717-491-5643,717-583-1497,felix_hirpara@cox.net
63088,Tresa,Sweely,"Grayson, Grant S Esq",22 Bridle Ln,Valley Park,Saint Louis,MO,314-359-9566,314-231-3514,tresa_sweely@hotmail.com
76013,Kristeen,Turinetti,Jeanerette Middle School,70099 E North Ave,Arlington,Tarrant,TX,817-213-8851,817-947-9480,kristeen@gmail.com
33619,Jenelle,Regusters,"Haavisto, Brian F Esq",3211 E Northeast Loop,Tampa,Hillsborough,FL,813-932-8715,813-357-7296,jregusters@regusters.com
30328,Renea,Monterrubio,Wmmt Radio Station,26 Montgomery St,Atlanta,Fulton,GA,770-679-4752,770-930-9967,renea@hotmail.com
92234,Olive,Matuszak,Colony Paints Sales Ofc & Plnt,13252 Lighthouse Ave,Cathedral City,Riverside,CA,760-938-6069,760-745-2649,olive@aol.com
48933,Ligia,Reiber,Floral Expressions,206 Main St #2804,Lansing,Ingham,MI,517-906-1108,517-747-7664,lreiber@cox.net
85034,Christiane,Eschberger,Casco Services Inc,96541 W Central Blvd,Phoenix,Maricopa,AZ,602-390-4944,602-330-6894,christiane.eschberger@yahoo.com
4401,Goldie,Schirpke,"Reuter, Arthur C Jr",34 Saint George Ave #2,Bangor,Penobscot,ME,207-295-7569,207-748-3722,goldie.schirpke@yahoo.com
20735,Loreta,Timenez,"Kaminski, Katherine Andritsaki",47857 Coney Island Ave,Clinton,Prince Georges,MD,301-696-6420,301-392-6698,loreta.timenez@hotmail.com
17404,Fabiola,Hauenstein,Sidewinder Products Corp,8573 Lincoln Blvd,York,York,PA,717-809-3119,717-344-2804,fabiola.hauenstein@hauenstein.org
75150,Amie,Perigo,General Foam Corporation,596 Santa Maria Ave #7913,Mesquite,Dallas,TX,972-419-7946,972-898-1033,amie.perigo@yahoo.com
59701,Raina,Brachle,Ikg Borden Divsn Harsco Corp,3829 Ventura Blvd,Butte,Silver Bow,MT,406-318-1515,406-374-7752,raina.brachle@brachle.org
7039,Erinn,Canlas,Anchor Computer Inc,13 S Hacienda Dr,Livingston,Essex,NJ,973-767-3008,973-563-9502,erinn.canlas@canlas.com
48329,Cherry,Lietz,Sebring & Co,40 9th Ave Sw #91,Waterford,Oakland,MI,248-980-6904,248-697-7722,cherry@lietz.com
44103,Kattie,Vonasek,H A C Farm Lines Co Optv Assoc,2845 Boulder Crescent St,Cleveland,Cuyahoga,OH,216-923-3715,216-270-9653,kattie@vonasek.org
79601,Lilli,Scriven,"Hunter, John J Esq",33 State St,Abilene,Taylor,TX,325-631-1560,325-667-7868,lilli@aol.com
76107,Whitley,Tomasulo,Freehold Fence Co,2 S 15th St,Fort Worth,Tarrant,TX,817-526-4408,817-819-7799,whitley.tomasulo@aol.com
11230,Barbra,Adkin,Binswanger,4 Kohler Memorial Dr,Brooklyn,Kings,NY,718-201-3751,718-732-9475,badkin@hotmail.com
2903,Hermila,Thyberg,Chilton Malting Co,1 Rancho Del Mar Shopping C,Providence,Providence,RI,401-893-4882,401-885-7681,hermila_thyberg@hotmail.com
17601,Jesusita,Flister,"Schoen, Edward J Jr",3943 N Highland Ave,Lancaster,Lancaster,PA,717-885-9118,717-686-7564,jesusita.flister@hotmail.com
2919,Caitlin,Julia,"Helderman, Seymour Cpa",5 Williams St,Johnston,Providence,RI,401-948-4982,401-552-9059,caitlin.julia@julia.org
33014,Roosevelt,Hoffis,"Denbrook, Myron",60 Old Dover Rd,Hialeah,Miami-Dade,FL,305-622-4739,305-302-1135,roosevelt.hoffis@aol.com
7304,Helaine,Halter,"Lippitt, Mike",8 Sheridan Rd,Jersey City,Hudson,NJ,201-832-4168,201-412-3040,hhalter@yahoo.com
78204,Lorean,Martabano,"Hiram, Hogg P Esq",85092 Southern Blvd,San Antonio,Bexar,TX,210-856-4979,210-634-2447,lorean.martabano@hotmail.com
11219,France,Buzick,In Travel Agency,64 Newman Springs Rd E,Brooklyn,Kings,NY,718-478-8504,718-853-3740,france.buzick@yahoo.com
91768,Justine,Ferrario,Newhart Foods Inc,48 Stratford Ave,Pomona,Los Angeles,CA,909-993-3242,909-631-5703,jferrario@hotmail.com
44103,Adelina,Nabours,Courtyard By Marriott,80 Pittsford Victor Rd #9,Cleveland,Cuyahoga,OH,216-230-4892,216-937-5320,adelina_nabours@gmail.com
10013,Derick,Dhamer,"Studer, Eugene A Esq",87163 N Main Ave,New York,New York,NY,212-304-4515,212-225-9676,ddhamer@cox.net
23219,Jerry,Dallen,Seashore Supply Co Waretown,393 Lafayette Ave,Richmond,Richmond City,VA,804-762-9576,804-808-9574,jerry.dallen@yahoo.com
30753,Leota,Ragel,Mayar Silk Inc,99 5th Ave #33,Trion,Chattooga,GA,706-221-4243,706-616-5131,leota.ragel@gmail.com
70518,Jutta,Amyot,National Medical Excess Corp,49 N Mays St,Broussard,Lafayette,LA,337-515-1438,337-991-8070,jamyot@hotmail.com
7110,Aja,Gehrett,Stero Company,993 Washington Ave,Nutley,Essex,NJ,973-544-2677,973-986-4456,aja_gehrett@hotmail.com
13850,Kirk,Herritt,"Hasting, H Duane Esq",88 15th Ave Ne,Vestal,Broome,NY,607-407-3716,607-350-7690,kirk.herritt@aol.com
7055,Leonora,Mauson,Insty Prints,3381 E 40th Ave,Passaic,Passaic,NJ,973-412-2995,973-355-2120,leonora@yahoo.com
83843,Winfred,Brucato,Glenridge Manor Mobile Home Pk,201 Ridgewood Rd,Moscow,Latah,ID,208-252-4552,208-793-4108,winfred_brucato@hotmail.com
94104,Tarra,Nachor,Circuit Solution Inc,39 Moccasin Dr,San Francisco,San Francisco,CA,415-411-1775,415-284-2730,tarra.nachor@cox.net
2760,Corinne,Loder,Local Office,4 Carroll St,North Attleboro,Bristol,MA,508-942-4186,508-618-7826,corinne@loder.org
48307,Dulce,Labreche,Lee Kilkelly Paulson & Kabaker,9581 E Arapahoe Rd,Rochester,Oakland,MI,248-357-8718,248-811-5696,dulce_labreche@yahoo.com
54301,Kate,Keneipp,"Davis, Maxon R Esq",33 N Michigan Ave,Green Bay,Brown,WI,920-353-6377,920-355-1610,kate_keneipp@yahoo.com
21230,Kaitlyn,Ogg,"Garrison, Paul E Esq",2 S Biscayne Blvd,Baltimore,Baltimore City,MD,410-665-4903,410-773-3862,kaitlyn.ogg@gmail.com
80937,Sherita,Saras,Black History Resource Center,8 Us Highway 22,Colorado Springs,El Paso,CO,719-669-1664,719-547-9543,sherita.saras@cox.net
43607,Lashawnda,Stuer,"Rodriguez, J Christopher Esq",7422 Martin Ave #8,Toledo,Lucas,OH,419-588-8719,419-399-1744,lstuer@cox.net
20785,Ernest,Syrop,Grant Family Health Center,94 Chase Rd,Hyattsville,Prince Georges,MD,301-998-9644,301-257-4883,ernest@cox.net
2745,Nobuko,Halsey,Goeman Wood Products Inc,8139 I Hwy 10 #92,New Bedford,Bristol,MA,508-855-9887,508-897-7916,nobuko.halsey@yahoo.com
22102,Lavonna,Wolny,"Linhares, Kenneth A Esq",5 Cabot Rd,Mc Lean,Fairfax,VA,703-483-1970,703-892-2914,lavonna.wolny@hotmail.com
21076,Lashaunda,Lizama,Earnhardt Printing,3387 Ryan Dr,Hanover,Anne Arundel,MD,410-678-2473,410-912-6032,llizama@cox.net
78753,Mariann,Bilden,H P G Industrys Inc,3125 Packer Ave #9851,Austin,Travis,TX,512-223-4791,512-742-1149,mariann.bilden@aol.com
85381,Helene,Rodenberger,Bailey Transportation Prod Inc,347 Chestnut St,Peoria,Maricopa,AZ,623-461-8551,623-426-4907,helene@aol.com
44820,Roselle,Estell,Mcglynn Bliss Pc,8116 Mount Vernon Ave,Bucyrus,Crawford,OH,419-571-5920,419-488-6648,roselle.estell@hotmail.com
98032,Samira,Heintzman,Mutual Fish Co,8772 Old County Rd #5410,Kent,King,WA,206-311-4137,206-923-6042,sheintzman@hotmail.com
45251,Margart,Meisel,"Yeates, Arthur L Aia",868 State St #38,Cincinnati,Hamilton,OH,513-617-2362,513-747-9603,margart_meisel@yahoo.com
47404,Kristofer,Bennick,"Logan, Ronald J Esq",772 W River Dr,Bloomington,Monroe,IN,812-368-1511,812-442-8544,kristofer.bennick@yahoo.com
60004,Weldon,Acuff,Advantage Martgage Company,73 W Barstow Ave,Arlington Heights,Cook,IL,847-353-2156,847-613-5866,wacuff@gmail.com
11223,Shalon,Shadrick,Germer And Gertz Llp,61047 Mayfield Ave,Brooklyn,Kings,NY,718-232-2337,718-394-4974,shalon@cox.net
32801,Denise,Patak,Spence Law Offices,2139 Santa Rosa Ave,Orlando,Orange,FL,407-446-4358,407-808-3254,denise@patak.org
90210,Louvenia,Beech,John Ortiz Nts Therapy Center,598 43rd St,Beverly Hills,Los Angeles,CA,310-820-2117,310-652-2379,louvenia.beech@beech.com
33511,Audry,Yaw,Mike Uchrin Htg & Air Cond Inc,70295 Pioneer Ct,Brandon,Hillsborough,FL,813-797-4816,813-744-7100,audry.yaw@yaw.org
79925,Kristel,Ehmann,"Mccoy, Joy Reynolds Esq",92899 Kalakaua Ave,El Paso,El Paso,TX,915-452-1290,915-300-6100,kristel.ehmann@aol.com
92020,Vincenza,Zepp,Kbor 1600 Am,395 S 6th St #2,El Cajon,San Diego,CA,619-603-5125,619-935-6661,vzepp@gmail.com
20710,Elouise,Gwalthney,Quality Inn Northwest,9506 Edgemore Ave,Bladensburg,Prince Georges,MD,301-841-5012,301-591-3034,egwalthney@yahoo.com
92801,Venita,Maillard,Wallace Church Assoc Inc,72119 S Walker Ave #63,Anaheim,Orange,CA,714-523-6653,714-663-9740,venita_maillard@gmail.com
63102,Kasandra,Semidey,Can Tron,369 Latham St #500,Saint Louis,Saint Louis City,MO,314-732-9131,314-697-3652,kasandra_semidey@semidey.com
78664,Xochitl,Discipio,Ravaal Enterprises Inc,3158 Runamuck Pl,Round Rock,Williamson,TX,512-233-1831,512-942-3411,xdiscipio@gmail.com
27409,Maile,Linahan,Thompson Steel Company Inc,9 Plainsboro Rd #598,Greensboro,Guilford,NC,336-670-2640,336-364-6037,mlinahan@yahoo.com
11727,Krissy,Rauser,"Anderson, Mark A Esq",8728 S Broad St,Coram,Suffolk,NY,631-443-4710,631-288-2866,krauser@cox.net
7071,Pete,Dubaldi,Womack & Galich,2215 Prosperity Dr,Lyndhurst,Bergen,NJ,201-825-2514,201-749-8866,pdubaldi@hotmail.com
38112,Linn,Paa,Valerie & Company,1 S Pine St,Memphis,Shelby,TN,901-412-4381,901-573-9024,linn_paa@paa.com
30342,Paris,Wide,Gehring Pumps Inc,187 Market St,Atlanta,Fulton,GA,404-505-4445,404-607-8435,paris@hotmail.com
94044,Wynell,Dorshorst,"Haehnel, Craig W Esq",94290 S Buchanan St,Pacifica,San Mateo,CA,650-473-1262,650-749-9879,wynell_dorshorst@dorshorst.org
55337,Quentin,Birkner,Spoor Behrins Campbell & Young,7061 N 2nd St,Burnsville,Dakota,MN,952-702-7993,952-314-5871,qbirkner@aol.com
85260,Regenia,Kannady,Ken Jeter Store Equipment Inc,10759 Main St,Scottsdale,Maricopa,AZ,480-726-1280,480-205-5121,regenia.kannady@cox.net
11101,Sheron,Louissant,"Potter, Brenda J Cpa",97 E 3rd St #9,Long Island City,Queens,NY,718-976-8610,718-613-9994,sheron@aol.com
30340,Izetta,Funnell,Baird Kurtz & Dobson,82 Winsor St #54,Atlanta,Dekalb,GA,770-844-3447,770-584-4119,izetta.funnell@hotmail.com
55057,Rodolfo,Butzen,"Minor, Cynthia A Esq",41 Steel Ct,Northfield,Rice,MN,507-210-3510,507-590-5237,rodolfo@hotmail.com
6854,Zona,Colla,"Solove, Robert A Esq",49440 Dearborn St,Norwalk,Fairfield,CT,203-461-1949,203-938-2557,zona@hotmail.com
46802,Serina,Zagen,Mark Ii Imports Inc,7 S Beverly Dr,Fort Wayne,Allen,IN,260-273-3725,260-382-4869,szagen@aol.com
39307,Paz,Sahagun,White Sign Div Ctrl Equip Co,919 Wall Blvd,Meridian,Lauderdale,MS,601-927-8287,601-249-4511,paz_sahagun@cox.net
48310,Markus,Lukasik,M & M Store Fixtures Co Inc,89 20th St E #779,Sterling Heights,Macomb,MI,586-970-7380,586-247-1614,markus@yahoo.com
80919,Jaclyn,Bachman,Judah Caster & Wheel Co,721 Interstate 45 S,Colorado Springs,El Paso,CO,719-853-3600,719-223-2074,jaclyn@aol.com
10013,Cyril,Daufeldt,Galaxy International Inc,3 Lawton St,New York,New York,NY,212-745-8484,212-422-5427,cyril_daufeldt@daufeldt.com
94545,Gayla,Schnitzler,Sigma Corp Of America,38 Pleasant Hill Rd,Hayward,Alameda,CA,510-686-3407,510-441-4055,gschnitzler@gmail.com
60624,Erick,Nievas,"Soward, Anne Esq",45 E Acacia Ct,Chicago,Cook,IL,773-704-9903,773-359-6109,erick_nievas@aol.com
18509,Jennie,Drymon,"Osborne, Michelle M Esq",63728 Poway Rd #1,Scranton,Lackawanna,PA,570-218-4831,570-868-8688,jennie@cox.net
95965,Mitsue,Scipione,Students In Free Entrprs Natl,77 222 Dr,Oroville,Butte,CA,530-986-9272,530-399-3254,mscipione@scipione.com
12771,Ciara,Ventura,"Johnson, Robert M Esq",53 W Carey St,Port Jervis,Orange,NY,845-823-8877,845-694-7919,cventura@yahoo.com
44142,Galen,Cantres,Del Charro Apartments,617 Nw 36th Ave,Brook Park,Cuyahoga,OH,216-600-6111,216-871-6876,galen@yahoo.com
7003,Truman,Feichtner,Legal Search Inc,539 Coldwater Canyon Ave,Bloomfield,Essex,NJ,973-852-2736,973-473-5108,tfeichtner@yahoo.com
99501,Gail,Kitty,Service Supply Co Inc,735 Crawford Dr,Anchorage,Anchorage,AK,907-435-9166,907-770-3542,gail@kitty.com
19102,Dalene,Schoeneck,"Sameshima, Douglas J Esq",910 Rahway Ave,Philadelphia,Philadelphia,PA,215-268-1275,215-380-8820,dalene@schoeneck.org
45217,Gertude,Witten,"Thompson, John Randolph Jr",7 Tarrytown Rd,Cincinnati,Hamilton,OH,513-977-7043,513-863-9471,gertude.witten@gmail.com
90248,Lizbeth,Kohl,E T Balancing Co Inc,35433 Blake St #588,Gardena,Los Angeles,CA,310-699-1222,310-955-5788,lizbeth@yahoo.com
50315,Glenn,Berray,"Griswold, John E Esq",29 Cherry St #7073,Des Moines,Polk,IA,515-370-7348,515-372-1738,gberray@gmail.com
19406,Lashandra,Klang,Acqua Group,810 N La Brea Ave,King of Prussia,Montgomery,PA,610-809-1818,610-378-7332,lashandra@yahoo.com
27601,Lenna,Newville,"Brooks, Morris J Jr",987 Main St,Raleigh,Wake,NC,919-623-2524,919-254-5987,lnewville@newville.com
99352,Laurel,Pagliuca,Printing Images Corp,36 Enterprise St Se,Richland,Benton,WA,509-695-5199,509-595-6485,laurel@yahoo.com
10803,Mireya,Frerking,Roberts Supply Co Inc,8429 Miller Rd,Pelham,Westchester,NY,914-868-5965,914-883-3061,mireya.frerking@hotmail.com
21234,Annelle,Tagala,Vico Products Mfg Co,5 W 7th St,Parkville,Baltimore,MD,410-757-1035,410-234-2267,annelle@yahoo.com
11801,Dean,Ketelsen,J M Custom Design Millwork,2 Flynn Rd,Hicksville,Nassau,NY,516-847-4418,516-732-6649,dean_ketelsen@gmail.com
1603,Levi,Munis,Farrell & Johnson Office Equip,2094 Ne 36th Ave,Worcester,Worcester,MA,508-456-4907,508-658-7802,levi.munis@gmail.com
74105,Sylvie,Ryser,Millers Market & Deli,649 Tulane Ave,Tulsa,Tulsa,OK,918-644-9555,918-565-1706,sylvie@aol.com
49442,Sharee,Maile,Holiday Inn Naperville,2094 Montour Blvd,Muskegon,Muskegon,MI,231-467-9978,231-265-6940,sharee_maile@aol.com
70506,Cordelia,Storment,"Burrows, Jon H Esq",393 Hammond Dr,Lafayette,Lafayette,LA,337-566-6001,337-255-3427,cordelia_storment@aol.com
43402,Mollie,Mcdoniel,Dock Seal Specialty,8590 Lake Lizzie Dr,Bowling Green,Wood,OH,419-975-3182,419-417-4674,mollie_mcdoniel@yahoo.com
91942,Brett,Mccullan,Five Star Limousines Of Tx Inc,87895 Concord Rd,La Mesa,San Diego,CA,619-461-9984,619-727-3892,brett.mccullan@mccullan.com
6610,Teddy,Pedrozo,"Barkan, Neal J Esq",46314 Route 130,Bridgeport,Fairfield,CT,203-892-3863,203-918-3939,teddy_pedrozo@aol.com
7032,Tasia,Andreason,"Campbell, Robert A",4 Cowesett Ave,Kearny,Hudson,NJ,201-920-9002,201-969-7063,tasia_andreason@yahoo.com
44203,Hubert,Walthall,"Dee, Deanna",95 Main Ave #2,Barberton,Summit,OH,330-903-1345,330-566-8898,hubert@walthall.org
7631,Arthur,Farrow,"Young, Timothy L Esq",28 S 7th St #2824,Englewood,Bergen,NJ,201-238-5688,201-772-4377,arthur.farrow@yahoo.com
49546,Vilma,Berlanga,"Wells, D Fred Esq",79 S Howell Ave,Grand Rapids,Kent,MI,616-737-3085,616-568-4113,vberlanga@berlanga.com
39208,Billye,Miro,"Gray, Francine H Esq",36 Lancaster Dr Se,Pearl,Rankin,MS,601-567-5386,601-637-5479,billye_miro@cox.net
38118,Glenna,Slayton,Toledo Iv Care,2759 Livingston Ave,Memphis,Shelby,TN,901-640-9178,901-869-4314,glenna_slayton@cox.net
80110,Mitzie,Hudnall,Cangro Transmission Co,17 Jersey Ave,Englewood,Arapahoe,CO,303-402-1940,303-997-7760,mitzie_hudnall@yahoo.com
38112,Bernardine,Rodefer,Sat Poly Inc,2 W Grand Ave,Memphis,Shelby,TN,901-901-4726,901-739-5892,bernardine_rodefer@yahoo.com
91106,Staci,Schmaltz,Midwest Contracting & Mfg Inc,18 Coronado Ave #563,Pasadena,Los Angeles,CA,626-866-2339,626-293-7678,staci_schmaltz@aol.com
60657,Nichelle,Meteer,Print Doctor,72 Beechwood Ter,Chicago,Cook,IL,773-225-9985,773-857-2231,nichelle_meteer@meteer.com
11103,Janine,Rhoden,Nordic Group Inc,92 Broadway,Astoria,Queens,NY,718-228-5894,718-728-5051,jrhoden@yahoo.com
99352,Ettie,Hoopengardner,Jackson Millwork Co,39 Franklin Ave,Richland,Benton,WA,509-755-5393,509-847-3352,ettie.hoopengardner@hotmail.com
21202,Eden,Jayson,Harris Corporation,4 Iwaena St,Baltimore,Baltimore City,MD,410-890-7866,410-429-4888,eden_jayson@yahoo.com
7104,Lynelle,Auber,United Cerebral Palsy Of Ne Pa,32820 Corkwood Rd,Newark,Essex,NJ,973-860-8610,973-605-6492,lynelle_auber@gmail.com
90706,Merissa,Tomblin,One Day Surgery Center Inc,34 Raritan Center Pky,Bellflower,Los Angeles,CA,562-579-6900,562-719-7922,merissa.tomblin@gmail.com
8755,Golda,Kaniecki,Calaveras Prospect,6201 S Nevada Ave,Toms River,Ocean,NJ,732-628-9909,732-617-5310,golda_kaniecki@yahoo.com
7834,Catarina,Gleich,"Terk, Robert E Esq",78 Maryland Dr #146,Denville,Morris,NJ,973-210-3994,973-491-8723,catarina_gleich@hotmail.com
80216,Virgie,Kiel,"Cullen, Terrence P Esq",76598 Rd  I 95 #1,Denver,Denver,CO,303-776-7548,303-845-5408,vkiel@hotmail.com
23608,Jolene,Ostolaza,Central Die Casting Mfg Co Inc,1610 14th St Nw,Newport News,Newport News City,VA,757-682-7116,757-940-1741,jolene@yahoo.com
85012,Keneth,Borgman,Centerline Engineering,86350 Roszel Rd,Phoenix,Maricopa,AZ,602-919-4211,602-442-3092,keneth@yahoo.com
33155,Rikki,Nayar,Targan & Kievit Pa,1644 Clove Rd,Miami,Miami-Dade,FL,305-968-9487,305-978-2069,rikki@nayar.com
85013,Elke,Sengbusch,Riley Riper Hollin & Colagreco,9 W Central Ave,Phoenix,Maricopa,AZ,602-896-2993,602-575-3457,elke_sengbusch@yahoo.com
32759,Hoa,Sarao,"Kaplan, Joel S Esq",27846 Lafayette Ave,Oak Hill,Volusia,FL,386-526-7800,386-599-7296,hoa@sarao.org
94105,Trinidad,Mcrae,Water Office,10276 Brooks St,San Francisco,San Francisco,CA,415-331-9634,415-419-1597,trinidad_mcrae@yahoo.com
92110,Mari,Lueckenbach,"Westbrooks, Nelson E Jr",1 Century Park E,San Diego,San Diego,CA,858-793-9684,858-228-5683,mari_lueckenbach@yahoo.com
7306,Selma,Husser,Armon Communications,9 State Highway 57 #22,Jersey City,Hudson,NJ,201-991-8369,201-772-7699,selma.husser@cox.net
92410,Antione,Onofrio,Jacobs & Gerber Inc,4 S Washington Ave,San Bernardino,San Bernardino,CA,909-430-7765,909-665-3223,aonofrio@onofrio.com
2138,Luisa,Jurney,Forest Fire Laboratory,25 Se 176th Pl,Cambridge,Middlesex,MA,617-365-2134,617-544-2541,ljurney@hotmail.com
92025,Clorinda,Heimann,"Haughey, Charles Jr",105 Richmond Valley Rd,Escondido,San Diego,CA,760-291-5497,760-261-4786,clorinda.heimann@hotmail.com
90248,Dick,Wenzinger,Wheaton Plastic Products,22 Spruce St #595,Gardena,Los Angeles,CA,310-510-9713,310-936-2258,dick@yahoo.com
17110,Ahmed,Angalich,Reese Plastics,2 W Beverly Blvd,Harrisburg,Dauphin,PA,717-528-8996,717-632-5831,ahmed.angalich@angalich.com
85204,Iluminada,Ohms,Nazette Marner Good Wendt,72 Southern Blvd,Mesa,Maricopa,AZ,480-293-2882,480-866-6544,iluminada.ohms@yahoo.com
33461,Joanna,Leinenbach,Levinson Axelrod Wheaton,1 Washington St,Lake Worth,Palm Beach,FL,561-470-4574,561-951-9734,joanna_leinenbach@hotmail.com
37211,Caprice,Suell,"Egnor, W Dan Esq",90177 N 55th Ave,Nashville,Davidson,TN,615-246-1824,615-726-4537,caprice@aol.com
41005,Stephane,Myricks,Portland Central Thriftlodge,9 Tower Ave,Burlington,Boone,KY,859-717-7638,859-308-4286,stephane_myricks@cox.net
48160,Quentin,Swayze,Ulbrich Trucking,278 Bayview Ave,Milan,Monroe,MI,734-561-6170,734-851-8571,quentin_swayze@yahoo.com
77301,Annmarie,Castros,Tipiak Inc,80312 W 32nd St,Conroe,Montgomery,TX,936-751-7961,936-937-2334,annmarie_castros@gmail.com
7011,Shonda,Greenbush,Saint George Well Drilling,82 Us Highway 46,Clifton,Passaic,NJ,973-482-2430,973-644-2974,shonda_greenbush@cox.net
7087,Cecil,Lapage,"Hawkes, Douglas D",4 Stovall St #72,Union City,Hudson,NJ,201-693-3967,201-856-2720,clapage@lapage.com
33142,Jeanice,Claucherty,Accurel Systems Intrntl Corp,19 Amboy Ave,Miami,Miami-Dade,FL,305-988-4162,305-306-7834,jeanice.claucherty@yahoo.com
38575,Josphine,Villanueva,Santa Cruz Community Internet,63 Smith Ln #8343,Moss,Clay,TN,931-553-9774,931-486-6946,josphine_villanueva@villanueva.com
92705,Daniel,Perruzza,Gersh & Danielson,11360 S Halsted St,Santa Ana,Orange,CA,714-771-3880,714-531-1391,dperruzza@perruzza.com
60008,Cassi,Wildfong,"Cobb, James O Esq",26849 Jefferson Hwy,Rolling Meadows,Cook,IL,847-633-3216,847-755-9041,cassi.wildfong@aol.com
19440,Britt,Galam,Wheatley Trucking Company,2500 Pringle Rd Se #508,Hatfield,Montgomery,PA,215-888-3304,215-351-8523,britt@galam.org
7981,Adell,Lipkin,Systems Graph Inc Ab Dick Dlr,65 Mountain View Dr,Whippany,Morris,NJ,973-654-1561,973-662-8988,adell.lipkin@lipkin.com
16501,Jacqueline,Rowling,John Hancock Mutl Life Ins Co,1 N San Saba,Erie,Erie,PA,814-865-8113,814-481-1700,jacqueline.rowling@yahoo.com
84115,Lonny,Weglarz,History Division Of State,51120 State Route 18,Salt Lake City,Salt Lake,UT,801-293-9853,801-892-8781,lonny_weglarz@gmail.com
28301,Lonna,Diestel,"Dimmock, Thomas J Esq",1482 College Ave,Fayetteville,Cumberland,NC,910-922-3672,910-200-7912,lonna_diestel@gmail.com
90021,Cristal,Samara,Intermed Inc,4119 Metropolitan Dr,Los Angeles,Los Angeles,CA,213-975-8026,213-696-8004,cristal@cox.net
48823,Kenneth,Grenet,Bank Of New York,2167 Sierra Rd,East Lansing,Ingham,MI,517-499-2322,517-867-8077,kenneth.grenet@grenet.org
13501,Elli,Mclaird,Sportmaster Intrnatl,6 Sunrise Ave,Utica,Oneida,NY,315-818-2638,315-474-5570,emclaird@mclaird.com
46601,Alline,Jeanty,W W John Holden Inc,55713 Lake City Hwy,South Bend,St Joseph,IN,574-656-2800,574-405-1983,ajeanty@gmail.com
32806,Sharika,Eanes,Maccani & Delp,75698 N Fiesta Blvd,Orlando,Orange,FL,407-312-1691,407-472-1332,sharika.eanes@aol.com
7029,Nu,Mcnease,Amazonia Film Project,88 Sw 28th Ter,Harrison,Hudson,NJ,973-751-9003,973-903-4175,nu@gmail.com
8611,Daniela,Comnick,Water & Sewer Department,7 Flowers Rd #403,Trenton,Mercer,NJ,609-200-8577,609-398-2805,dcomnick@cox.net
53717,Cecilia,Colaizzo,Switchcraft Inc,4 Nw 12th St #3849,Madison,Dane,WI,608-382-4541,608-302-3387,cecilia_colaizzo@colaizzo.com
10536,Leslie,Threets,C W D C Metal Fabricators,2 A Kelley Dr,Katonah,Westchester,NY,914-861-9748,914-396-2615,leslie@cox.net
27401,Nan,Koppinger,"Shimotani, Grace T",88827 Frankford Ave,Greensboro,Guilford,NC,336-370-5333,336-564-1492,nan@koppinger.com
21217,Izetta,Dewar,"Lisatoni, Jean Esq",2 W Scyene Rd #3,Baltimore,Baltimore City,MD,410-473-1708,410-522-7621,idewar@dewar.com
8831,Tegan,Arceo,Ceramic Tile Sales Inc,62260 Park Stre,Monroe Township,Middlesex,NJ,732-730-2692,732-705-6719,tegan.arceo@arceo.org
78028,Ruthann,Keener,Maiden Craft Inc,3424 29th St Se,Kerrville,Kerr,TX,830-258-2769,830-919-5991,ruthann@hotmail.com
60007,Joni,Breland,Carriage House Cllsn Rpr Inc,35 E Main St #43,Elk Grove Village,Cook,IL,847-519-5906,847-740-5304,joni_breland@cox.net
7728,Vi,Rentfro,Video Workshop,7163 W Clark Rd,Freehold,Monmouth,NJ,732-605-4781,732-724-7251,vrentfro@cox.net
68124,Colette,Kardas,Fresno Tile Center Inc,21575 S Apple Creek Rd,Omaha,Douglas,NE,402-896-5943,402-707-1602,colette.kardas@yahoo.com
22003,Malcolm,Tromblay,Versatile Sash & Woodwork,747 Leonis Blvd,Annandale,Fairfax,VA,703-221-5602,703-874-4248,malcolm_tromblay@cox.net
75075,Ryan,Harnos,Warner Electric Brk & Cltch Co,13 Gunnison St,Plano,Collin,TX,972-558-1665,972-961-4968,ryan@cox.net
10016,Jess,Chaffins,New York Public Library,18 3rd Ave,New York,New York,NY,212-510-4633,212-428-9538,jess.chaffins@chaffins.org
11791,Sharen,Bourbon,"Mccaleb, John A Esq",62 W Austin St,Syosset,Nassau,NY,516-816-1541,516-749-3188,sbourbon@yahoo.com
34429,Nickolas,Juvera,United Oil Co Inc,177 S Rider Trl #52,Crystal River,Citrus,FL,352-598-8301,352-947-6152,nickolas_juvera@cox.net
46040,Gary,Nunlee,Irving Foot Center,2 W Mount Royal Ave,Fortville,Hancock,IN,317-542-6023,317-887-8486,gary_nunlee@nunlee.org
64504,Diane,Devreese,Acme Supply Co,1953 Telegraph Rd,Saint Joseph,Buchanan,MO,816-557-9673,816-329-5565,diane@cox.net
39211,Roslyn,Chavous,"Mcrae, James L",63517 Dupont St,Jackson,Hinds,MS,601-234-9632,601-973-5754,roslyn.chavous@chavous.org
79602,Glory,Schieler,Mcgraths Seafood,5 E Truman Rd,Abilene,Taylor,TX,325-869-2649,325-740-3778,glory@yahoo.com
95070,Rasheeda,Sayaphon,"Kummerer, J Michael Esq",251 Park Ave #979,Saratoga,Santa Clara,CA,408-805-4309,408-997-7490,rasheeda@aol.com
8003,Alpha,Palaia,"Stoffer, James M Jr",43496 Commercial Dr #29,Cherry Hill,Camden,NJ,856-312-2629,856-513-7024,alpha@yahoo.com
94545,Refugia,Jacobos,North Central Fl Sfty Cncl,2184 Worth St,Hayward,Alameda,CA,510-974-8671,510-509-3496,refugia.jacobos@jacobos.com
32750,Shawnda,Yori,Fiorucci Foods Usa Inc,50126 N Plankinton Ave,Longwood,Seminole,FL,407-538-5106,407-564-8113,shawnda.yori@yahoo.com
82001,Mona,Delasancha,Sign All,38773 Gravois Ave,Cheyenne,Laramie,WY,307-403-1488,307-816-7115,mdelasancha@hotmail.com
11530,Gilma,Liukko,Sammys Steak Den,16452 Greenwich St,Garden City,Nassau,NY,516-393-9967,516-407-9573,gilma_liukko@gmail.com
53715,Janey,Gabisi,"Dobscha, Stephen F Esq",40 Cambridge Ave,Madison,Dane,WI,608-967-7194,608-586-6912,jgabisi@hotmail.com
7032,Lili,Paskin,Morgan Custom Homes,20113 4th Ave E,Kearny,Hudson,NJ,201-431-2989,201-478-8540,lili.paskin@cox.net
18518,Loren,Asar,Olsen Payne & Company,6 Ridgewood Center Dr,Old Forge,Lackawanna,PA,570-648-3035,570-569-2356,loren.asar@aol.com
92126,Dorothy,Chesterfield,Cowan & Kelly,469 Outwater Ln,San Diego,San Diego,CA,858-617-7834,858-732-1884,dorothy@cox.net
92276,Gail,Similton,"Johnson, Wes Esq",62 Monroe St,Thousand Palms,Riverside,CA,760-616-5388,760-493-9208,gail_similton@similton.com
8402,Catalina,Tillotson,Icn Pharmaceuticals Inc,3338 A Lockport Pl #6,Margate City,Atlantic,NJ,609-373-3332,609-826-4990,catalina@hotmail.com
2906,Lawrence,Lorens,New England Sec Equip Co Inc,9 Hwy,Providence,Providence,RI,401-465-6432,401-893-1820,lawrence.lorens@hotmail.com
67410,Carlee,Boulter,"Tippett, Troy M Ii",8284 Hart St,Abilene,Dickinson,KS,785-347-1805,785-253-7049,carlee.boulter@hotmail.com
95678,Thaddeus,Ankeny,Atc Contracting,5 Washington St #1,Roseville,Placer,CA,916-920-3571,916-459-2433,tankeny@ankeny.org
32114,Jovita,Oles,"Pagano, Philip G Esq",8 S Haven St,Daytona Beach,Volusia,FL,386-248-4118,386-208-6976,joles@gmail.com
20001,Alesia,Hixenbaugh,Kwikprint,9 Front St,Washington,District of Columbia,DC,202-646-7516,202-276-6826,alesia_hixenbaugh@hixenbaugh.org
94945,Lai,Harabedian,Buergi & Madden Scale,1933 Packer Ave #2,Novato,Marin,CA,415-423-3294,415-926-6089,lai@gmail.com
83709,Brittni,Gillaspie,Inner Label,67 Rv Cent,Boise,Ada,ID,208-709-1235,208-206-9848,bgillaspie@gillaspie.com
46514,Raylene,Kampa,Hermar Inc,2 Sw Nyberg Rd,Elkhart,Elkhart,IN,574-499-1454,574-330-1884,rkampa@kampa.org
69301,Flo,Bookamer,Simonton Howe & Schneider Pc,89992 E 15th St,Alliance,Box Butte,NE,308-726-2182,308-250-6987,flo.bookamer@cox.net
98104,Jani,Biddy,Warehouse Office & Paper Prod,61556 W 20th Ave,Seattle,King,WA,206-711-6498,206-395-6284,jbiddy@yahoo.com
32804,Chauncey,Motley,Affiliated With Travelodge,63 E Aurora Dr,Orlando,Orange,FL,407-413-4842,407-557-8857,chauncey_motley@aol.com
